#SampleID	BarcodeSequence
#q2:types	categorical
X15-802	TCTAACGAGTGC
X15-803	GGAAGAAGTAGC
X15-806	TTATGTACGGCG
X15-807	AATCTTGCGCCG
X15-911	ACACAGTCCTGA
X15-912	TTCCCTTCTCCG
X15-913	TCAGACCAACTG
X15-914	TCGTCGCCAAAC
X15-9X15	CATCTGGGCAAT
X15-916	ATCGATCCACAG
X15-917	TTGGACGTCCAC
X15-918	GGAAATCCCATC
X15-919	ATTATACGGCGC
X15-1047	CATTTGACGACG
X15-1048	AGTGATGTGACT
X15-1049	AACATGCATGCC
X15-1050	TGTCCGTGGATC
X15-1051	ACACCGCACAAT
X15-1052	TCCAGGGCTATA
X15-1701	GACCGTCAATAC
X15-1702	ATTCAGATGGCA
X15-1704	AAGTGAAGCGAG
X15-1707	CTTAGCTACTCT
X15-1708	GTCTGTTGAGTG
X15-1709	ACTCGGCCAACT
X15-1710	GCGTAGAGAGAC
X15-1712	TTGGAACGGCTT
X15-1713	TAAACGCGACTC
X15-1714	TGCCGCCGTAAT
X15-17X15	TCGGTCCATAGC
X15-1716	TGAGTTCGGTCC
X15-1717	GTTGGTTGGCAT
X15-1718	GTAGCACTCATG
X15-1719	GAAACTCCTAGA
X15-1720	TCCTAGGTCCGA
X15-1722	CCTCGGGTACTA
X15-1723	AACCTCGGATAA
X15-1724	CACGTTTATTCC
X15-1725	TTACGTGGCGAT
X15-1732	TCCTCACTATCA
X15-1787	TTCACCTGTATC
X16-1231	ACTACCTCTTCA
X16-1232	ACATCTAGCAGA
X16-1233	CAATGTAGACAC
X16-1234	TCTGGAACGGTT
X16-1235	GCGGAAACATGG
X16-1236	TGAGTCATTGAG
X16-1237	GTCAACGCTGTC
X16-1238	GCAAGCTGTCTC
X16-1239	GATGATAACCCA
X16-1240	CCGACATTGTAG
X16-1241	TGGCGATACGTT
X16-1242	GTACTACCTCGG
X16-1243	AACGTTAGTGTG
X16-1244	TACGGCAGTTCA
X16-1245	ACAGGAGGGTGT
X16-1246	AGCGGCCTATTA
X16-1247	GGCCCAATATAA
X16-1248	CATGTAAGGCTC
X16-1249	GCCTTACGATAG
X16-1250	TTCCTGTTAACC
X16-1251	TGCATGACAGTC
X16-1252	CTCTAGAAGAGT
X16-1253	GCTGTCGTCAAC
X16-1254	TCTTCAACTACC
X16-1255	TTGTATGACAGG
X16-1256	ACGTAACCACGT
X16-1257	AATACAGACCTG
X16-1258	TCCGCAACCTGA
X16-1259	GCATGCATCCCA
X16-1260	ATCCCAGCATGC
X16-1261	ACCAACAGATTG
X16-1262	CTGGTGCTGAAT
X16-1263	GTGACGTTAGTC
X16-1101	TGCACAGTCGCT
X16-1102	ATAGAGGCCATT
X16-1103	TGGAATTCGGCT
X16-1104	GGTAAGTTTGAC
X16-1105	GTGTGTGCCATA
X16-1106	AACGAGGCAACG
X16-1107	CAGTCTAGTACG
X16-1108	CTCGATGTAAGC
X16-1109	CATGCGGATCCT
X16-1110	AAGCTTGAAACC
X16-1111	TAAGATGCAGTC
X16-1112	CTACCACGGTAC
X16-1113	TGACAACCGAAT
X16-1114	GAAGACAGCGAC
X16-1115	GTGTCCGGATTC
X16-1116	AGCTTCGACAGT
X16-1117	TGCTCCGTAGAA
X16-1118	TAAGCGTCTCGA
X16-1119	TGCCGAGTAATC
X16-1120	CGGTCTGTCTGA
X16-1121	TAGGCTCGTGCT
X16-1122	ACACCTGCGATC
X16-1123	TGTGGTGATGTA
X16-1124	ATACGCATCAAG
X16-1125	TGATAGGTACAC
X16-1126	ATAGCTTCGTGG
X16-1127	ACCTTGACAAGA
X16-1128	GTACATGTCGCC
X16-1129	CTCCTTAAGGCG
X16-1130	GGCGTTGCATTC
X16-1131	CTTTCGTTCAAC
X16-1132	AGATGTCCGTCA
X16-1133	CGAGTTCATCGA
X16-1213	TTGAGGCTACAA
X16-1214	ACTGGCAAACCT
X16-1215	TGCGAGTATATG
X16-1216	GAAGTAGCGAGC
X16-1217	GAGGTTCTTGAC
X16-1218	TCAGCGCCGTTA
X16-1219	AGCACCGGTCTT
X16-1220	TATGGAGCTAGT
X16-1221	GTAGGAACCGGA
X16-1222	AATCAGAGCTTG
X16-1223	TACCACAACGAA
X16-1224	TTGCGGACCCTA
X16-1225	CTGTAAAGGTTG
X16-1226	TAGACCGACTCC
X16-1227	GCAAATCAGCCT
X16-1136	CGGGATCAAATT
X16-1140	GTAACCACCACC
X16-1142	TTCTAGAGTGCG
X16-1146	TTGCCTGGGTCA
X16-1148	ACTAGCGTTCAG
X16-1150	CCGAAGATTCTG
X16-1151	GCACCTGTTGAA
X16-1201	AAGCAGATTGTC
X16-1202	AGTCATCGAATG
X16-1203	CATAGCTCGGTC
X16-1204	ACGGATGTTATG
X16-1205	CAATTCTGCTTC
X16-1206	TTGCGACAAAGT
X16-1207	GTTGGCGTTACA
X16-1208	CCTAGAGAAACT
X16-1210	TAGAGGCGTAGG
X16-1211	ATCTTGGAGTCG
X16-1212	AACCATGCCAAC
